Date,Product_Name,Region,Price,Cost,Competitor_Price,Promo,Holiday_Flag,Units_Sold
1/7/2024,Air Max 90,US-East,134.97,87.24,134.28,0,0,188
1/7/2024,Air Max 90,US-West,151.42,78.74,141.36,0,0,152
1/7/2024,Air Max 90,Europe,125.17,80.66,125.99,1,0,182
1/7/2024,Air Max 90,Asia,124.75,66.95,125.96,0,0,173
1/7/2024,Air Force 1,US-East,105.61,53.79,108.63,1,0,227
1/7/2024,Air Force 1,US-West,108.6,71.36,108.94,0,0,212
1/7/2024,Air Force 1,Europe,141.34,89.9,140.82,0,0,206
1/7/2024,Air Force 1,Asia,127.08,80.93,121.98,0,0,167
1/7/2024,Dunk Low,US-East,138.23,77.73,132.12,1,0,162
1/7/2024,Dunk Low,US-West,116.07,58.76,115.18,0,0,274
1/7/2024,Dunk Low,Europe,132.19,90.47,136.6,0,0,246
1/7/2024,Dunk Low,Asia,156.56,108.38,158.93,0,0,199
1/7/2024,Jordan 1,US-East,134.61,83.65,135.04,1,0,178
1/7/2024,Jordan 1,US-West,124.87,62.82,115.49,0,0,149
1/7/2024,Jordan 1,Europe,140.31,91.8,144.97,1,0,157
1/7/2024,Jordan 1,Asia,135.97,92.87,135.13,0,0,208
1/14/2024,Air Max 90,US-East,128.22,72.45,126.17,1,0,221
1/14/2024,Air Max 90,US-West,132.97,79.04,134.77,0,0,146
1/14/2024,Air Max 90,Europe,120.66,66.51,124.58,0,0,146
1/14/2024,Air Max 90,Asia,138.22,69.81,131.13,1,0,171
1/14/2024,Air Force 1,US-East,127.8,74.39,129.59,1,0,236
1/14/2024,Air Force 1,US-West,138.24,93.46,130.9,0,0,171
1/14/2024,Air Force 1,Europe,115.18,67.18,114.03,0,0,266
1/14/2024,Air Force 1,Asia,131.76,89.49,128.25,1,0,178
1/14/2024,Dunk Low,US-East,142.74,95.94,141.28,0,0,155
1/14/2024,Dunk Low,US-West,133.46,72.66,131.74,0,0,215
1/14/2024,Dunk Low,Europe,125.17,76.56,122.32,0,0,221
1/14/2024,Dunk Low,Asia,129.26,89.51,129.16,0,0,179
1/14/2024,Jordan 1,US-East,131.02,78.68,128.86,0,0,210
1/14/2024,Jordan 1,US-West,127.59,79.98,129.28,1,0,231
1/14/2024,Jordan 1,Europe,151.59,78.24,157.75,1,0,210
1/14/2024,Jordan 1,Asia,120.91,69.35,127.93,0,0,202
1/21/2024,Air Max 90,US-East,135.12,71.64,137.84,1,0,250
1/21/2024,Air Max 90,US-West,138.74,69.83,130.98,0,0,222
1/21/2024,Air Max 90,Europe,135.36,78.15,130.79,0,0,173
1/21/2024,Air Max 90,Asia,138.73,75.17,148.09,0,0,163
1/21/2024,Air Force 1,US-East,140.44,85.81,143.07,1,0,209
1/21/2024,Air Force 1,US-West,135.02,91.34,132.01,1,0,157
1/21/2024,Air Force 1,Europe,135.22,91.6,136.7,1,0,173
1/21/2024,Air Force 1,Asia,132.32,70.44,133.45,1,0,197
1/21/2024,Dunk Low,US-East,148.66,93.71,151.03,1,0,154
1/21/2024,Dunk Low,US-West,129.75,74.38,134.08,1,0,210
1/21/2024,Dunk Low,Europe,136.34,85.52,151.65,1,0,190
1/21/2024,Dunk Low,Asia,127.6,79.91,127.67,0,0,216
1/21/2024,Jordan 1,US-East,138.5,75.63,140.47,0,0,176
1/21/2024,Jordan 1,US-West,134.82,92.77,134.2,1,0,222
1/21/2024,Jordan 1,Europe,133.36,68.69,133.62,1,0,179
1/21/2024,Jordan 1,Asia,138.56,73.98,142.11,1,0,210
1/28/2024,Air Max 90,US-East,136.35,77.96,130.95,0,0,160
1/28/2024,Air Max 90,US-West,118.17,79.14,120.26,1,0,195
1/28/2024,Air Max 90,Europe,139.05,92.06,136.03,1,0,161
1/28/2024,Air Max 90,Asia,131.95,66.11,126.04,1,0,173
1/28/2024,Air Force 1,US-East,139.54,94.61,142.8,0,0,151
1/28/2024,Air Force 1,US-West,127.63,78.58,127.43,1,0,212
1/28/2024,Air Force 1,Europe,125.87,63.91,128.85,1,0,162
1/28/2024,Air Force 1,Asia,126.65,76.55,123.08,0,0,178
1/28/2024,Dunk Low,US-East,142.1,76.58,141.35,1,0,178
1/28/2024,Dunk Low,US-West,134.22,70.68,133.69,0,0,165
1/28/2024,Dunk Low,Europe,122.07,61.66,121.5,1,0,240
1/28/2024,Dunk Low,Asia,138.66,80.67,136.99,1,0,178
1/28/2024,Jordan 1,US-East,126.81,68.04,125.78,0,0,197
1/28/2024,Jordan 1,US-West,140.32,81.94,136.67,1,0,178
1/28/2024,Jordan 1,Europe,123.2,63.92,121.88,1,0,222
1/28/2024,Jordan 1,Asia,148.72,77.27,132.51,1,0,153
2/4/2024,Air Max 90,US-East,151.13,77.02,148.64,0,0,199
2/4/2024,Air Max 90,US-West,135.25,68.04,135.26,0,0,239
2/4/2024,Air Max 90,Europe,139.73,96.24,147.45,1,0,152
2/4/2024,Air Max 90,Asia,126.15,86.79,116.66,1,0,220
2/4/2024,Air Force 1,US-East,151.33,104.16,141.57,0,0,216
2/4/2024,Air Force 1,US-West,140.61,76.12,136.19,0,0,180
2/4/2024,Air Force 1,Europe,125.14,70.55,126.17,1,0,169
2/4/2024,Air Force 1,Asia,142.82,78.86,152.58,0,0,220
2/4/2024,Dunk Low,US-East,133.62,88.28,136.53,1,0,202
2/4/2024,Dunk Low,US-West,122.9,81.28,122.79,0,0,192
2/4/2024,Dunk Low,Europe,131.8,72.19,137.16,1,0,229
2/4/2024,Dunk Low,Asia,138.14,71.92,138.2,0,0,179
2/4/2024,Jordan 1,US-East,127.61,64.08,131.88,1,0,175
2/4/2024,Jordan 1,US-West,123.87,85.47,124.35,0,0,191
2/4/2024,Jordan 1,Europe,112.08,63.41,109.85,1,0,243
2/4/2024,Jordan 1,Asia,136.28,70.63,132.79,0,0,157
2/11/2024,Air Max 90,US-East,133.25,85.43,141.62,1,0,252
2/11/2024,Air Max 90,US-West,134.96,90.88,133.67,0,0,217
2/11/2024,Air Max 90,Europe,125.29,64.77,126.45,0,0,147
2/11/2024,Air Max 90,Asia,115.93,76.81,112.6,0,0,229
2/11/2024,Air Force 1,US-East,106.6,68.33,104.85,0,0,249
2/11/2024,Air Force 1,US-West,129.95,77.16,131.57,1,0,146
2/11/2024,Air Force 1,Europe,118.96,69,122.77,0,0,188
2/11/2024,Air Force 1,Asia,134.58,93.21,135.7,0,0,190
2/11/2024,Dunk Low,US-East,134.74,81.46,135.01,0,0,194
2/11/2024,Dunk Low,US-West,148.6,92.95,152.96,1,0,201
2/11/2024,Dunk Low,Europe,128.57,67.03,125.56,0,0,176
2/11/2024,Dunk Low,Asia,119.59,69.08,115.81,1,0,192
2/11/2024,Jordan 1,US-East,126.77,64.2,118.47,1,0,257
2/11/2024,Jordan 1,US-West,124.23,79.13,127.94,0,0,263
2/11/2024,Jordan 1,Europe,117.68,68.52,118.63,0,0,243
2/11/2024,Jordan 1,Asia,129.86,74.72,126.78,0,0,249
2/18/2024,Air Max 90,US-East,132.76,78.82,134.15,1,0,162
2/18/2024,Air Max 90,US-West,149.12,96.92,149.95,1,0,210
2/18/2024,Air Max 90,Europe,126.87,66.71,118.87,1,0,194
2/18/2024,Air Max 90,Asia,123.29,83.3,105.9,0,0,164
2/18/2024,Air Force 1,US-East,141.79,86.55,142.13,1,0,142
2/18/2024,Air Force 1,US-West,155.39,90.77,158.36,1,0,236
2/18/2024,Air Force 1,Europe,125.66,63.2,123.95,1,0,233
2/18/2024,Air Force 1,Asia,142.74,87.21,144,0,0,175
2/18/2024,Dunk Low,US-East,138.66,77.59,138.14,1,0,221
2/18/2024,Dunk Low,US-West,136.46,80.76,138.76,1,0,234
2/18/2024,Dunk Low,Europe,129.94,73.51,131.95,1,0,199
2/18/2024,Dunk Low,Asia,129.25,67.95,131.08,0,0,148
2/18/2024,Jordan 1,US-East,137.47,81.77,136.02,1,0,174
2/18/2024,Jordan 1,US-West,125.24,63.65,122.59,1,0,207
2/18/2024,Jordan 1,Europe,130.51,79.2,128.07,1,0,161
2/18/2024,Jordan 1,Asia,118.02,70.89,117.51,1,0,218
2/25/2024,Air Max 90,US-East,123,82.99,124.07,0,0,232
2/25/2024,Air Max 90,US-West,130.36,79.17,130.18,0,0,187
2/25/2024,Air Max 90,Europe,123.73,80.37,112.77,0,0,194
2/25/2024,Air Max 90,Asia,134.71,87.55,128.86,1,0,181
2/25/2024,Air Force 1,US-East,122.44,61.71,115.33,1,0,189
2/25/2024,Air Force 1,US-West,132.07,75.09,121.18,1,0,168
2/25/2024,Air Force 1,Europe,130.77,80.74,126.47,1,0,190
2/25/2024,Air Force 1,Asia,149.86,86.28,153.42,1,0,196
2/25/2024,Dunk Low,US-East,110.86,77.3,115.57,0,0,207
2/25/2024,Dunk Low,US-West,107.22,71.86,108.09,0,0,278
2/25/2024,Dunk Low,Europe,132.37,73.01,133.74,1,0,219
2/25/2024,Dunk Low,Asia,138.32,83.96,144.53,0,0,154
2/25/2024,Jordan 1,US-East,124.35,72.76,119.34,1,0,176
2/25/2024,Jordan 1,US-West,126.93,78.97,130.13,0,0,144
2/25/2024,Jordan 1,Europe,128.02,79.22,130.4,1,0,152
2/25/2024,Jordan 1,Asia,126.15,64.68,123.14,1,0,253
3/3/2024,Air Max 90,US-East,135.3,80.41,142.51,0,0,199
3/3/2024,Air Max 90,US-West,127.97,85.24,128.82,1,0,239
3/3/2024,Air Max 90,Europe,136.68,88.07,135.73,0,0,209
3/3/2024,Air Max 90,Asia,131.14,86.43,128.7,0,0,186
3/3/2024,Air Force 1,US-East,135.43,81.89,140.61,1,0,170
3/3/2024,Air Force 1,US-West,112.93,71.89,121.79,0,0,200
3/3/2024,Air Force 1,Europe,111.29,72.29,109.53,0,0,160
3/3/2024,Air Force 1,Asia,139.97,80.94,136.23,1,0,201
3/3/2024,Dunk Low,US-East,107.11,60.68,114.27,1,0,214
3/3/2024,Dunk Low,US-West,126,83.01,129.16,1,0,232
3/3/2024,Dunk Low,Europe,125.13,70.36,127.15,1,0,218
3/3/2024,Dunk Low,Asia,134.02,90.51,139.21,1,0,176
3/3/2024,Jordan 1,US-East,122.21,75.86,111.22,1,0,174
3/3/2024,Jordan 1,US-West,133.77,73.02,138.59,0,0,210
3/3/2024,Jordan 1,Europe,113.68,64.7,115.08,1,0,184
3/3/2024,Jordan 1,Asia,133.26,72.69,124.87,1,0,157
3/10/2024,Air Max 90,US-East,127.31,82.14,125.11,0,0,206
3/10/2024,Air Max 90,US-West,137.26,87.75,138.34,1,0,191
3/10/2024,Air Max 90,Europe,116.59,75.46,126.02,0,0,205
3/10/2024,Air Max 90,Asia,125.3,66.8,127.39,0,0,158
3/10/2024,Air Force 1,US-East,130.56,80.72,136.03,0,0,204
3/10/2024,Air Force 1,US-West,123.1,66.61,125.47,1,0,226
3/10/2024,Air Force 1,Europe,138.52,94.75,126.92,1,0,127
3/10/2024,Air Force 1,Asia,102.15,69.84,99.94,1,0,239
3/10/2024,Dunk Low,US-East,134.72,71.82,127.07,1,0,208
3/10/2024,Dunk Low,US-West,111.55,69.88,110.21,0,0,215
3/10/2024,Dunk Low,Europe,130.01,80.48,130.8,0,0,148
3/10/2024,Dunk Low,Asia,110.89,73.18,108.65,0,0,182
3/10/2024,Jordan 1,US-East,129.67,79.49,126.96,0,0,195
3/10/2024,Jordan 1,US-West,119.99,72.66,112.32,1,0,262
3/10/2024,Jordan 1,Europe,126.43,71.67,127.63,1,0,214
3/10/2024,Jordan 1,Asia,135.28,74.96,129.72,0,0,246
3/17/2024,Air Max 90,US-East,134.85,85.2,130.99,1,0,182
3/17/2024,Air Max 90,US-West,133.41,71.94,146.27,0,0,225
3/17/2024,Air Max 90,Europe,131.43,84.66,136.32,1,0,208
3/17/2024,Air Max 90,Asia,120.6,80.94,118.79,0,0,228
3/17/2024,Air Force 1,US-East,127.24,71.87,121.95,0,0,191
3/17/2024,Air Force 1,US-West,137.7,92.21,144.54,1,0,167
3/17/2024,Air Force 1,Europe,124.77,68.86,130.02,1,0,160
3/17/2024,Air Force 1,Asia,129.03,85.95,134.96,1,0,157
3/17/2024,Dunk Low,US-East,112.47,77.57,109.74,1,0,203
3/17/2024,Dunk Low,US-West,120.24,83.82,113.57,1,0,180
3/17/2024,Dunk Low,Europe,138.7,80.52,143.98,1,0,227
3/17/2024,Dunk Low,Asia,128.16,89.31,121.72,0,0,199
3/17/2024,Jordan 1,US-East,131.96,73.21,127.07,1,0,172
3/17/2024,Jordan 1,US-West,104.22,67.12,99.72,1,0,206
3/17/2024,Jordan 1,Europe,137.12,82.11,130.45,0,0,159
3/17/2024,Jordan 1,Asia,138.07,79.61,134.94,0,0,205
3/24/2024,Air Max 90,US-East,126.52,78.52,127.51,0,0,203
3/24/2024,Air Max 90,US-West,128.75,82.96,131.46,1,0,218
3/24/2024,Air Max 90,Europe,134.93,87.24,135.86,1,0,192
3/24/2024,Air Max 90,Asia,112.8,60.06,113.98,0,0,254
3/24/2024,Air Force 1,US-East,126.48,65.14,127.69,0,0,208
3/24/2024,Air Force 1,US-West,122.96,76.19,118.97,0,0,208
3/24/2024,Air Force 1,Europe,126.92,83.96,123.63,0,0,183
3/24/2024,Air Force 1,Asia,127.74,77.71,129.64,0,0,193
3/24/2024,Dunk Low,US-East,138.05,86.62,142.7,0,0,221
3/24/2024,Dunk Low,US-West,113.39,61.71,117.48,0,0,191
3/24/2024,Dunk Low,Europe,133.58,71.93,130.64,1,0,253
3/24/2024,Dunk Low,Asia,129.2,86.42,133.89,1,0,167
3/24/2024,Jordan 1,US-East,117.26,71.78,124.33,0,0,221
3/24/2024,Jordan 1,US-West,125.21,71.12,123.91,0,0,181
3/24/2024,Jordan 1,Europe,131.75,83.31,138.7,0,0,185
3/24/2024,Jordan 1,Asia,132.83,82.78,133.24,1,0,208
3/31/2024,Air Max 90,US-East,155.98,86.46,152.73,0,0,138
3/31/2024,Air Max 90,US-West,123.35,74.57,114.05,0,0,226
3/31/2024,Air Max 90,Europe,136.67,75.91,144.74,1,0,204
3/31/2024,Air Max 90,Asia,132.34,76.34,126.99,0,0,207
3/31/2024,Air Force 1,US-East,139.84,96.34,138.77,1,0,158
3/31/2024,Air Force 1,US-West,130.54,75.76,128.16,1,0,246
3/31/2024,Air Force 1,Europe,128.72,65.3,126.21,1,0,170
3/31/2024,Air Force 1,Asia,135.08,84.56,135.56,1,0,147
3/31/2024,Dunk Low,US-East,144.21,92.18,141.35,0,0,138
3/31/2024,Dunk Low,US-West,136.33,74.27,148.12,1,0,182
3/31/2024,Dunk Low,Europe,128.67,74.4,134.3,0,0,194
3/31/2024,Dunk Low,Asia,133.34,84.15,129.09,0,0,237
3/31/2024,Jordan 1,US-East,130.46,90.33,127.3,1,0,195
3/31/2024,Jordan 1,US-West,132.24,88.63,114.83,0,0,195
3/31/2024,Jordan 1,Europe,148.65,90.49,152.75,0,0,231
3/31/2024,Jordan 1,Asia,126.41,83.36,131.07,1,0,230
4/7/2024,Air Max 90,US-East,125.35,68.66,120.6,1,0,238
4/7/2024,Air Max 90,US-West,145.32,94.53,144.48,0,0,199
4/7/2024,Air Max 90,Europe,123.1,81.69,125.58,1,0,224
4/7/2024,Air Max 90,Asia,138.62,74.67,137.38,0,0,156
4/7/2024,Air Force 1,US-East,127.17,63.82,122.76,1,0,189
4/7/2024,Air Force 1,US-West,123.3,62.1,129.23,1,0,189
4/7/2024,Air Force 1,Europe,136.08,70.83,137.01,0,0,232
4/7/2024,Air Force 1,Asia,123.75,85.32,126.21,0,0,171
4/7/2024,Dunk Low,US-East,111.9,69.85,116.73,1,0,269
4/7/2024,Dunk Low,US-West,122.6,75.88,119.46,1,0,196
4/7/2024,Dunk Low,Europe,128.69,84.17,118.51,1,0,233
4/7/2024,Dunk Low,Asia,129.52,67.41,129.96,0,0,210
4/7/2024,Jordan 1,US-East,119.79,61.87,123.33,0,0,235
4/7/2024,Jordan 1,US-West,126.45,85.18,128.61,0,0,226
4/7/2024,Jordan 1,Europe,111.53,62.92,108.7,1,0,201
4/7/2024,Jordan 1,Asia,123.31,62.42,117.05,0,0,205
4/14/2024,Air Max 90,US-East,155.16,82.52,146.87,0,0,179
4/14/2024,Air Max 90,US-West,105.19,52.97,101.94,1,0,224
4/14/2024,Air Max 90,Europe,131.97,87.01,135.51,0,0,155
4/14/2024,Air Max 90,Asia,136.06,83.23,133.19,1,0,147
4/14/2024,Air Force 1,US-East,123.65,73.08,128.63,0,0,282
4/14/2024,Air Force 1,US-West,126.15,73.05,132.23,1,0,218
4/14/2024,Air Force 1,Europe,129.76,67.6,126.9,1,0,179
4/14/2024,Air Force 1,Asia,120.88,60.89,113.52,1,0,199
4/14/2024,Dunk Low,US-East,127.79,72.24,127.92,1,0,179
4/14/2024,Dunk Low,US-West,130.92,67.62,128.56,0,0,248
4/14/2024,Dunk Low,Europe,139.19,70.74,141.96,1,0,199
4/14/2024,Dunk Low,Asia,122.01,78.25,122.31,0,0,227
4/14/2024,Jordan 1,US-East,133.93,88.44,137.34,1,0,209
4/14/2024,Jordan 1,US-West,154.13,97.44,164.91,1,0,178
4/14/2024,Jordan 1,Europe,150.75,91.25,147.31,0,0,140
4/14/2024,Jordan 1,Asia,125.16,84.4,120,0,0,205
4/21/2024,Air Max 90,US-East,129.76,79.29,140.47,1,0,154
4/21/2024,Air Max 90,US-West,141.98,86.4,137.77,0,0,181
4/21/2024,Air Max 90,Europe,125.88,68.06,118.82,0,0,188
4/21/2024,Air Max 90,Asia,128.89,83.19,126.48,0,0,189
4/21/2024,Air Force 1,US-East,138.74,83.38,142.58,0,0,204
4/21/2024,Air Force 1,US-West,140.47,82.56,139.94,1,0,254
4/21/2024,Air Force 1,Europe,143.17,90.34,145.37,1,0,235
4/21/2024,Air Force 1,Asia,143.8,92.98,145.81,0,0,173
4/21/2024,Dunk Low,US-East,133.24,79.74,131.78,1,0,213
4/21/2024,Dunk Low,US-West,121.52,75.17,130.58,1,0,257
4/21/2024,Dunk Low,Europe,116.75,67.69,122.11,0,0,182
4/21/2024,Dunk Low,Asia,141.61,92.71,133.83,1,0,208
4/21/2024,Jordan 1,US-East,110.81,65.35,107.52,1,0,248
4/21/2024,Jordan 1,US-West,142.34,78.25,149.84,0,0,229
4/21/2024,Jordan 1,Europe,117.03,72.69,109.47,1,0,212
4/21/2024,Jordan 1,Asia,150.77,100.84,152.58,0,0,248
4/28/2024,Air Max 90,US-East,145.84,73.92,157.38,1,0,222
4/28/2024,Air Max 90,US-West,123.12,84.63,126.79,1,0,233
4/28/2024,Air Max 90,Europe,131.91,84.11,127.44,0,0,193
4/28/2024,Air Max 90,Asia,133.46,78.87,122.96,1,0,259
4/28/2024,Air Force 1,US-East,119.34,62.84,119.8,0,0,201
4/28/2024,Air Force 1,US-West,136.44,86.6,133.32,1,0,188
4/28/2024,Air Force 1,Europe,128.97,70.78,128.84,1,0,189
4/28/2024,Air Force 1,Asia,140.51,71.11,141.49,0,0,190
4/28/2024,Dunk Low,US-East,136.18,90.61,136.89,0,0,184
4/28/2024,Dunk Low,US-West,132.97,83.98,132.65,0,0,210
4/28/2024,Dunk Low,Europe,126.65,70.64,127.69,0,0,231
4/28/2024,Dunk Low,Asia,139.64,78.95,144.88,1,0,172
4/28/2024,Jordan 1,US-East,127.02,84.29,133.9,1,0,187
4/28/2024,Jordan 1,US-West,141.64,88.68,147.5,0,0,202
4/28/2024,Jordan 1,Europe,120.09,65.75,109.32,0,0,235
4/28/2024,Jordan 1,Asia,140.1,87.41,128.85,1,0,162
5/5/2024,Air Max 90,US-East,113.69,67.69,114.55,0,0,232
5/5/2024,Air Max 90,US-West,135.75,87.38,139.55,1,0,183
5/5/2024,Air Max 90,Europe,118.13,63.72,125.79,0,0,170
5/5/2024,Air Max 90,Asia,127.19,75.96,122.84,0,0,170
5/5/2024,Air Force 1,US-East,130.58,80.46,134.43,1,0,180
5/5/2024,Air Force 1,US-West,145.59,101.23,146.04,0,0,172
5/5/2024,Air Force 1,Europe,120.31,72.79,123.06,1,0,261
5/5/2024,Air Force 1,Asia,123.38,66.26,122.66,0,0,185
5/5/2024,Dunk Low,US-East,125.38,75.89,131.15,1,0,213
5/5/2024,Dunk Low,US-West,135.43,89.91,134.01,0,0,169
5/5/2024,Dunk Low,Europe,119.41,68.32,121.79,1,0,206
5/5/2024,Dunk Low,Asia,137.51,75.27,133.92,0,0,186
5/5/2024,Jordan 1,US-East,134.36,88.93,138.82,0,0,158
5/5/2024,Jordan 1,US-West,151.45,93.49,154.07,0,0,156
5/5/2024,Jordan 1,Europe,128.15,64.68,127.5,1,0,163
5/5/2024,Jordan 1,Asia,123.57,77.55,127.24,1,0,193
5/12/2024,Air Max 90,US-East,133.14,70.21,133.13,1,0,148
5/12/2024,Air Max 90,US-West,110.87,71.35,113.71,0,0,249
5/12/2024,Air Max 90,Europe,122.51,77.07,126.85,1,0,191
5/12/2024,Air Max 90,Asia,119.85,65.36,116.92,1,0,214
5/12/2024,Air Force 1,US-East,134.93,69.35,139.76,1,0,205
5/12/2024,Air Force 1,US-West,131.09,82.61,121.12,0,0,166
5/12/2024,Air Force 1,Europe,115,80.4,108.36,1,0,220
5/12/2024,Air Force 1,Asia,112.04,58.01,112.59,0,0,231
5/12/2024,Dunk Low,US-East,131.69,68.39,124.63,1,0,196
5/12/2024,Dunk Low,US-West,142.36,90.11,139.69,1,0,128
5/12/2024,Dunk Low,Europe,138.65,76.08,142.47,1,0,224
5/12/2024,Dunk Low,Asia,133.93,69.35,131.3,1,0,177
5/12/2024,Jordan 1,US-East,117.62,60.29,117.74,0,0,186
5/12/2024,Jordan 1,US-West,121.1,69.27,111.92,1,0,230
5/12/2024,Jordan 1,Europe,131.93,89.01,131.45,0,0,162
5/12/2024,Jordan 1,Asia,138.38,96.65,136.46,1,0,209
5/19/2024,Air Max 90,US-East,130.82,75.37,130.32,0,0,174
5/19/2024,Air Max 90,US-West,134.34,72.87,131.61,1,0,208
5/19/2024,Air Max 90,Europe,135.37,77.05,130.87,0,0,186
5/19/2024,Air Max 90,Asia,131.2,80.69,121.36,0,0,168
5/19/2024,Air Force 1,US-East,124.84,86.21,129.5,1,0,164
5/19/2024,Air Force 1,US-West,120.08,61.68,120.36,0,0,211
5/19/2024,Air Force 1,Europe,132.42,91.01,127.57,0,0,159
5/19/2024,Air Force 1,Asia,128.56,80.76,131.26,0,0,192
5/19/2024,Dunk Low,US-East,116.88,71.63,109.06,0,0,192
5/19/2024,Dunk Low,US-West,129.37,90.43,130.12,0,0,224
5/19/2024,Dunk Low,Europe,117.69,60.6,116.39,1,0,187
5/19/2024,Dunk Low,Asia,126.98,81.07,127.05,1,0,187
5/19/2024,Jordan 1,US-East,134.37,75.41,140.32,0,0,226
5/19/2024,Jordan 1,US-West,134.25,86.58,132.09,0,0,183
5/19/2024,Jordan 1,Europe,110.56,59.19,124.06,0,0,182
5/19/2024,Jordan 1,Asia,128.26,76.48,125.53,0,0,207
5/26/2024,Air Max 90,US-East,114.67,76.47,119.84,1,0,206
5/26/2024,Air Max 90,US-West,129.69,79.06,135.67,1,0,210
5/26/2024,Air Max 90,Europe,126.1,79.49,128.87,1,0,208
5/26/2024,Air Max 90,Asia,140.26,96.96,142.59,0,0,153
5/26/2024,Air Force 1,US-East,114.01,76.18,111.98,0,0,250
5/26/2024,Air Force 1,US-West,122.9,81.73,110.74,0,0,235
5/26/2024,Air Force 1,Europe,133.66,78.88,132.38,1,0,209
5/26/2024,Air Force 1,Asia,123.22,74.23,122.08,1,0,210
5/26/2024,Dunk Low,US-East,140.93,73.44,143.81,0,0,141
5/26/2024,Dunk Low,US-West,120.28,68.55,123.69,1,0,218
5/26/2024,Dunk Low,Europe,119.23,72.72,110.34,1,0,194
5/26/2024,Dunk Low,Asia,122.43,76.51,116.17,0,0,205
5/26/2024,Jordan 1,US-East,121.39,62.37,116.98,1,0,222
5/26/2024,Jordan 1,US-West,136.87,71.86,131.82,1,0,163
5/26/2024,Jordan 1,Europe,145.28,96.23,147.82,1,0,140
5/26/2024,Jordan 1,Asia,132.02,75.94,121.19,0,0,196
6/2/2024,Air Max 90,US-East,133.15,84.58,132.32,1,0,213
6/2/2024,Air Max 90,US-West,138.16,76.98,139.68,0,0,167
6/2/2024,Air Max 90,Europe,128.33,83.54,129.74,0,0,158
6/2/2024,Air Max 90,Asia,132.34,67.6,137.97,1,0,164
6/2/2024,Air Force 1,US-East,147.3,76.83,148.8,1,0,192
6/2/2024,Air Force 1,US-West,129.6,73.68,136.99,1,0,204
6/2/2024,Air Force 1,Europe,121.41,64.39,122.63,0,0,203
6/2/2024,Air Force 1,Asia,139,90.66,138.31,0,0,144
6/2/2024,Dunk Low,US-East,135.97,91.95,139.81,0,0,153
6/2/2024,Dunk Low,US-West,121.49,80.19,122.8,0,0,184
6/2/2024,Dunk Low,Europe,118.04,67.41,120.26,1,0,212
6/2/2024,Dunk Low,Asia,156.25,104.63,157.81,1,0,218
6/2/2024,Jordan 1,US-East,115.5,61.19,109.97,0,0,224
6/2/2024,Jordan 1,US-West,109.06,70.28,110.18,0,0,235
6/2/2024,Jordan 1,Europe,126.06,72.8,124,0,0,170
6/2/2024,Jordan 1,Asia,155.58,97.78,156.21,1,0,173
6/9/2024,Air Max 90,US-East,127.56,76.19,128.11,0,0,179
6/9/2024,Air Max 90,US-West,138.28,91.96,134.19,0,0,172
6/9/2024,Air Max 90,Europe,140.68,97.97,144.92,0,0,180
6/9/2024,Air Max 90,Asia,143.07,82.22,144.87,1,0,153
6/9/2024,Air Force 1,US-East,124.17,81.99,123.32,0,0,190
6/9/2024,Air Force 1,US-West,148.54,93.17,146.79,1,0,216
6/9/2024,Air Force 1,Europe,133.04,92.58,126.15,0,0,150
6/9/2024,Air Force 1,Asia,137.71,83.13,139.33,1,0,190
6/9/2024,Dunk Low,US-East,125.89,72.43,128.53,1,0,238
6/9/2024,Dunk Low,US-West,124.67,73.76,119.12,0,0,167
6/9/2024,Dunk Low,Europe,131,65.68,131.73,1,0,206
6/9/2024,Dunk Low,Asia,119.02,62.73,122.85,0,0,229
6/9/2024,Jordan 1,US-East,120.46,79.19,115.69,1,0,193
6/9/2024,Jordan 1,US-West,121.97,71.95,119.34,1,0,223
6/9/2024,Jordan 1,Europe,116.86,76.47,111.39,1,0,247
6/9/2024,Jordan 1,Asia,130.87,80.1,123.06,1,0,203
6/16/2024,Air Max 90,US-East,134.08,70.93,134.06,1,0,165
6/16/2024,Air Max 90,US-West,154.15,107.04,146.07,1,0,199
6/16/2024,Air Max 90,Europe,121.77,77.54,120.95,1,0,180
6/16/2024,Air Max 90,Asia,130.62,87.78,129.14,0,0,210
6/16/2024,Air Force 1,US-East,121.72,72.02,122.15,1,0,207
6/16/2024,Air Force 1,US-West,127.82,80.89,126.82,1,0,174
6/16/2024,Air Force 1,Europe,147.7,89.96,142.53,1,0,175
6/16/2024,Air Force 1,Asia,121.85,84.76,121.78,0,0,226
6/16/2024,Dunk Low,US-East,122.91,69.57,120.36,0,0,186
6/16/2024,Dunk Low,US-West,127.48,86.16,125.67,1,0,211
6/16/2024,Dunk Low,Europe,138.83,84.37,138.44,1,0,142
6/16/2024,Dunk Low,Asia,108.7,62.99,108.06,1,0,176
6/16/2024,Jordan 1,US-East,131.13,73.1,123.94,0,0,236
6/16/2024,Jordan 1,US-West,140.8,92.87,144.63,0,0,186
6/16/2024,Jordan 1,Europe,150.2,80.09,141.05,0,0,210
6/16/2024,Jordan 1,Asia,125.96,67.62,127.45,1,0,179
6/23/2024,Air Max 90,US-East,121.41,84.7,127.12,0,0,171
6/23/2024,Air Max 90,US-West,141.74,99.13,143.69,0,0,137
6/23/2024,Air Max 90,Europe,147.93,100.3,149.05,0,0,154
6/23/2024,Air Max 90,Asia,127.65,66.65,129.03,1,0,251
6/23/2024,Air Force 1,US-East,129.09,85.93,117.89,0,0,200
6/23/2024,Air Force 1,US-West,121.6,80.89,120.41,0,0,211
6/23/2024,Air Force 1,Europe,132.49,71.31,134.6,1,0,259
6/23/2024,Air Force 1,Asia,145.21,82.84,144.7,0,0,180
6/23/2024,Dunk Low,US-East,125.11,70.43,126.6,0,0,174
6/23/2024,Dunk Low,US-West,135.04,85.22,133.92,1,0,199
6/23/2024,Dunk Low,Europe,110.64,60.02,111.27,0,0,257
6/23/2024,Dunk Low,Asia,116.83,80.34,118.59,1,0,260
6/23/2024,Jordan 1,US-East,132.82,89.63,136.55,0,0,172
6/23/2024,Jordan 1,US-West,118.61,68.31,115.75,0,0,203
6/23/2024,Jordan 1,Europe,132.53,69.2,132.21,1,0,174
6/23/2024,Jordan 1,Asia,129.33,89.66,131.27,0,0,196
6/30/2024,Air Max 90,US-East,135.41,90.44,139.83,0,0,216
6/30/2024,Air Max 90,US-West,124.73,69.39,126.57,0,0,240
6/30/2024,Air Max 90,Europe,113,75.13,115.64,1,0,206
6/30/2024,Air Max 90,Asia,119.32,77.4,121.46,0,0,228
6/30/2024,Air Force 1,US-East,142.39,79.32,142.96,1,0,159
6/30/2024,Air Force 1,US-West,141.62,72.61,143.36,0,0,202
6/30/2024,Air Force 1,Europe,131.82,66.77,140.36,1,0,204
6/30/2024,Air Force 1,Asia,156.88,91.94,153.6,0,0,141
6/30/2024,Dunk Low,US-East,126.11,67.21,121.69,1,0,214
6/30/2024,Dunk Low,US-West,143.15,88.51,138.08,1,0,234
6/30/2024,Dunk Low,Europe,126.37,83.07,123.86,0,0,239
6/30/2024,Dunk Low,Asia,131.43,81.51,131.65,1,0,228
6/30/2024,Jordan 1,US-East,128.94,73.8,128.02,0,0,185
6/30/2024,Jordan 1,US-West,132.06,72.34,119.55,1,0,166
6/30/2024,Jordan 1,Europe,104.83,62.36,97.58,1,0,228
6/30/2024,Jordan 1,Asia,130.07,65.23,128.52,1,0,192
7/7/2024,Air Max 90,US-East,125.08,63.65,118.36,0,0,163
7/7/2024,Air Max 90,US-West,138.54,91.94,143.73,0,0,207
7/7/2024,Air Max 90,Europe,129.81,83.14,135.2,0,0,191
7/7/2024,Air Max 90,Asia,129.13,68.83,136.53,1,0,215
7/7/2024,Air Force 1,US-East,132.67,82.47,135.21,1,0,180
7/7/2024,Air Force 1,US-West,131.47,72.51,132.19,1,0,164
7/7/2024,Air Force 1,Europe,127.31,75.27,122.86,1,0,200
7/7/2024,Air Force 1,Asia,151.99,103.36,143.62,1,0,160
7/7/2024,Dunk Low,US-East,131.69,83.72,133.9,1,0,228
7/7/2024,Dunk Low,US-West,139.14,83.54,137.63,0,0,212
7/7/2024,Dunk Low,Europe,130.58,69,126.86,0,0,165
7/7/2024,Dunk Low,Asia,123.54,73.78,120.8,0,0,229
7/7/2024,Jordan 1,US-East,110.41,71.3,114.07,1,0,225
7/7/2024,Jordan 1,US-West,138.46,81.13,132.49,0,0,223
7/7/2024,Jordan 1,Europe,132.62,72.31,137.88,1,0,193
7/7/2024,Jordan 1,Asia,132.6,90.61,123.51,1,0,190
7/14/2024,Air Max 90,US-East,129.22,78.2,127.49,0,0,188
7/14/2024,Air Max 90,US-West,117.86,62.29,116.32,0,0,205
7/14/2024,Air Max 90,Europe,132.28,76.16,121.7,0,0,180
7/14/2024,Air Max 90,Asia,127.91,74.43,133.46,0,0,203
7/14/2024,Air Force 1,US-East,142.22,87.61,142.78,0,0,212
7/14/2024,Air Force 1,US-West,134.18,70.74,133.61,1,0,215
7/14/2024,Air Force 1,Europe,112.33,63.2,105.07,0,0,172
7/14/2024,Air Force 1,Asia,129.64,86.48,122.62,0,0,166
7/14/2024,Dunk Low,US-East,132.4,88.09,136.92,1,0,156
7/14/2024,Dunk Low,US-West,115.14,65.41,109.17,0,0,225
7/14/2024,Dunk Low,Europe,117.32,64.45,117.94,1,0,244
7/14/2024,Dunk Low,Asia,125.33,80.43,125.48,0,0,160
7/14/2024,Jordan 1,US-East,130.61,74.38,133.08,0,0,217
7/14/2024,Jordan 1,US-West,118.92,74.35,106.27,0,0,182
7/14/2024,Jordan 1,Europe,120.98,68.37,126.28,0,0,169
7/14/2024,Jordan 1,Asia,134.97,78.15,134.82,0,0,178
7/21/2024,Air Max 90,US-East,146.64,83.69,154.45,1,0,181
7/21/2024,Air Max 90,US-West,132.8,87.5,135.91,1,0,161
7/21/2024,Air Max 90,Europe,120.91,78.7,121.05,0,0,197
7/21/2024,Air Max 90,Asia,142.62,79.46,145.82,1,0,148
7/21/2024,Air Force 1,US-East,137.42,78.67,138.36,0,0,200
7/21/2024,Air Force 1,US-West,139.55,82.15,147.14,1,0,184
7/21/2024,Air Force 1,Europe,141.66,96.13,140.64,1,0,146
7/21/2024,Air Force 1,Asia,121.5,61.5,125.93,1,0,203
7/21/2024,Dunk Low,US-East,141.24,90.18,145.98,0,0,218
7/21/2024,Dunk Low,US-West,143.08,95,149.15,0,0,159
7/21/2024,Dunk Low,Europe,124.64,62.68,128.93,0,0,256
7/21/2024,Dunk Low,Asia,115.6,59.4,117.94,0,0,182
7/21/2024,Jordan 1,US-East,133.51,69.12,138.87,1,0,148
7/21/2024,Jordan 1,US-West,139.75,89.09,150.3,0,0,244
7/21/2024,Jordan 1,Europe,130.3,72.96,133.34,1,0,195
7/21/2024,Jordan 1,Asia,113.82,60.22,118.73,1,0,229
7/28/2024,Air Max 90,US-East,122.31,80.81,117.61,0,0,233
7/28/2024,Air Max 90,US-West,123.02,62.05,128.77,1,0,187
7/28/2024,Air Max 90,Europe,130.79,81.18,130.9,1,0,242
7/28/2024,Air Max 90,Asia,125.21,67.31,128.6,0,0,247
7/28/2024,Air Force 1,US-East,148.01,76.13,154.2,0,0,124
7/28/2024,Air Force 1,US-West,148.01,80.95,142.58,0,0,151
7/28/2024,Air Force 1,Europe,118.44,77.59,118.77,1,0,151
7/28/2024,Air Force 1,Asia,129.72,68.33,127.1,0,0,238
7/28/2024,Dunk Low,US-East,121.3,65.23,120.23,1,0,206
7/28/2024,Dunk Low,US-West,145.96,99.13,141.13,1,0,189
7/28/2024,Dunk Low,Europe,138.25,77.87,133.92,0,0,158
7/28/2024,Dunk Low,Asia,131.5,80.61,132.53,0,0,190
7/28/2024,Jordan 1,US-East,128.88,74.16,132.08,0,0,214
7/28/2024,Jordan 1,US-West,149.82,86.52,156.93,1,0,164
7/28/2024,Jordan 1,Europe,125.86,84.97,122.81,0,0,183
7/28/2024,Jordan 1,Asia,126.06,80.08,137.27,0,0,191
8/4/2024,Air Max 90,US-East,128.61,88.91,126.35,1,0,187
8/4/2024,Air Max 90,US-West,141.12,73.69,147.47,1,0,233
8/4/2024,Air Max 90,Europe,125.47,83.37,132.73,1,0,178
8/4/2024,Air Max 90,Asia,144.17,97.16,148.36,0,0,216
8/4/2024,Air Force 1,US-East,129.02,88.53,126.85,0,0,179
8/4/2024,Air Force 1,US-West,141.25,88.84,148.99,1,0,185
8/4/2024,Air Force 1,Europe,121.92,62.01,122.69,0,0,150
8/4/2024,Air Force 1,Asia,131.19,87.52,130.05,0,0,164
8/4/2024,Dunk Low,US-East,121.41,82.71,127.39,1,0,202
8/4/2024,Dunk Low,US-West,133.67,67.95,140.73,0,0,173
8/4/2024,Dunk Low,Europe,121.34,63.86,117.75,0,0,259
8/4/2024,Dunk Low,Asia,135.92,71.23,140.82,1,0,194
8/4/2024,Jordan 1,US-East,136.29,83.7,130.15,1,0,256
8/4/2024,Jordan 1,US-West,116.49,80.94,117.35,0,0,250
8/4/2024,Jordan 1,Europe,125.28,85.18,123.29,1,0,178
8/4/2024,Jordan 1,Asia,122.03,72.83,121.15,0,0,198
8/11/2024,Air Max 90,US-East,135.37,69.73,135.63,1,0,158
8/11/2024,Air Max 90,US-West,124.02,65.5,130.43,1,0,221
8/11/2024,Air Max 90,Europe,139.03,74.07,139.34,1,0,205
8/11/2024,Air Max 90,Asia,117.42,80.26,116.11,0,0,180
8/11/2024,Air Force 1,US-East,131.66,84,129.74,0,0,136
8/11/2024,Air Force 1,US-West,129.84,66.08,121.4,1,0,161
8/11/2024,Air Force 1,Europe,134.56,93.18,133.82,1,0,174
8/11/2024,Air Force 1,Asia,123.82,73.3,112.76,1,0,193
8/11/2024,Dunk Low,US-East,127.99,69.35,121.83,1,0,148
8/11/2024,Dunk Low,US-West,135.98,85.92,137.41,0,0,184
8/11/2024,Dunk Low,Europe,135.47,81.89,134.9,0,0,219
8/11/2024,Dunk Low,Asia,113.83,70.43,114.77,0,0,188
8/11/2024,Jordan 1,US-East,121.78,77.9,128.36,0,0,218
8/11/2024,Jordan 1,US-West,130.19,84.81,129.77,0,0,195
8/11/2024,Jordan 1,Europe,144.86,100.25,143.76,0,0,200
8/11/2024,Jordan 1,Asia,127.93,69.81,121.67,1,0,240
8/18/2024,Air Max 90,US-East,143.88,79.24,144.21,0,0,171
8/18/2024,Air Max 90,US-West,125.13,79.15,123.34,1,0,178
8/18/2024,Air Max 90,Europe,129.93,78.29,133,1,0,199
8/18/2024,Air Max 90,Asia,113.97,74.18,104.63,0,0,210
8/18/2024,Air Force 1,US-East,111.6,74.71,119.65,0,0,178
8/18/2024,Air Force 1,US-West,120.46,65.55,121.53,1,0,205
8/18/2024,Air Force 1,Europe,131.06,76.97,133.98,0,0,170
8/18/2024,Air Force 1,Asia,122.38,81.74,121.29,1,0,212
8/18/2024,Dunk Low,US-East,126.84,82.78,132.36,1,0,178
8/18/2024,Dunk Low,US-West,95.29,51.54,89.02,1,0,219
8/18/2024,Dunk Low,Europe,125.7,78.84,126.13,1,0,246
8/18/2024,Dunk Low,Asia,126.35,74.8,123.08,0,0,186
8/18/2024,Jordan 1,US-East,112.21,65.65,113.81,1,0,267
8/18/2024,Jordan 1,US-West,107.92,65.45,104.68,0,0,254
8/18/2024,Jordan 1,Europe,122.68,68.8,117.57,1,0,159
8/18/2024,Jordan 1,Asia,120.34,77.78,114.92,1,0,212
8/25/2024,Air Max 90,US-East,112.74,63.71,109.35,0,0,185
8/25/2024,Air Max 90,US-West,120.76,63.41,113.88,0,0,181
8/25/2024,Air Max 90,Europe,144.6,91.41,136,0,0,236
8/25/2024,Air Max 90,Asia,124.95,62.99,125.62,0,0,145
8/25/2024,Air Force 1,US-East,126.75,72.55,138.25,1,0,232
8/25/2024,Air Force 1,US-West,120.02,78.23,120.19,1,0,199
8/25/2024,Air Force 1,Europe,136.07,90.55,135.15,1,0,162
8/25/2024,Air Force 1,Asia,147.95,101.23,153.39,0,0,218
8/25/2024,Dunk Low,US-East,138.39,74.6,135.3,1,0,174
8/25/2024,Dunk Low,US-West,118.86,63.17,120.42,1,0,207
8/25/2024,Dunk Low,Europe,146.34,82.3,135.62,1,0,115
8/25/2024,Dunk Low,Asia,131.44,89.55,132.72,1,0,184
8/25/2024,Jordan 1,US-East,129.4,70.78,131.67,0,0,259
8/25/2024,Jordan 1,US-West,130.1,78.95,118.44,0,0,258
8/25/2024,Jordan 1,Europe,136.99,73.41,139.09,0,0,225
8/25/2024,Jordan 1,Asia,126.97,84.02,132.24,0,0,188
9/1/2024,Air Max 90,US-East,133.77,88.2,137.82,0,0,169
9/1/2024,Air Max 90,US-West,128.17,85.89,128.3,0,0,243
9/1/2024,Air Max 90,Europe,126.08,63.54,123.96,0,0,194
9/1/2024,Air Max 90,Asia,116.47,72.71,122.56,1,0,229
9/1/2024,Air Force 1,US-East,115.68,66.08,118.67,0,0,261
9/1/2024,Air Force 1,US-West,123.43,69.92,122.65,1,0,221
9/1/2024,Air Force 1,Europe,124.41,81.64,126.11,0,0,227
9/1/2024,Air Force 1,Asia,128.32,87.64,128.18,1,0,228
9/1/2024,Dunk Low,US-East,127.7,82.69,123.07,0,0,204
9/1/2024,Dunk Low,US-West,115.56,59.49,117.51,1,0,256
9/1/2024,Dunk Low,Europe,120.78,76.26,115.76,1,0,195
9/1/2024,Dunk Low,Asia,119.33,63.77,128.16,1,0,177
9/1/2024,Jordan 1,US-East,144.99,80.25,151.22,0,0,160
9/1/2024,Jordan 1,US-West,144.55,88.57,154.29,0,0,201
9/1/2024,Jordan 1,Europe,118.77,73.58,114.19,0,0,239
9/1/2024,Jordan 1,Asia,120.22,65.24,123.21,0,0,223
9/8/2024,Air Max 90,US-East,121.35,61.05,129.83,0,0,237
9/8/2024,Air Max 90,US-West,137.23,94.4,140.84,1,0,179
9/8/2024,Air Max 90,Europe,135.65,94.33,130.55,0,0,200
9/8/2024,Air Max 90,Asia,129.86,73.43,131.61,0,0,167
9/8/2024,Air Force 1,US-East,146.77,73.65,144.31,0,0,193
9/8/2024,Air Force 1,US-West,135.4,86.68,138.33,1,0,156
9/8/2024,Air Force 1,Europe,129.26,65.04,128.05,1,0,237
9/8/2024,Air Force 1,Asia,126.99,78.91,124.09,0,0,214
9/8/2024,Dunk Low,US-East,137.68,79.4,136.02,1,0,188
9/8/2024,Dunk Low,US-West,137.43,74.22,144.51,1,0,170
9/8/2024,Dunk Low,Europe,128.15,87.67,125.05,0,0,157
9/8/2024,Dunk Low,Asia,140.74,94.73,145.74,1,0,203
9/8/2024,Jordan 1,US-East,129.98,78.9,136.34,0,0,188
9/8/2024,Jordan 1,US-West,143.97,86.38,146.29,1,0,253
9/8/2024,Jordan 1,Europe,130.25,66.59,120.66,0,0,233
9/8/2024,Jordan 1,Asia,119.93,60.24,123.62,1,0,195
9/15/2024,Air Max 90,US-East,137.9,91.41,139.6,1,0,184
9/15/2024,Air Max 90,US-West,137.8,84.15,142.08,1,0,184
9/15/2024,Air Max 90,Europe,131.11,71.22,131.74,0,0,210
9/15/2024,Air Max 90,Asia,133.28,76.09,136.82,1,0,216
9/15/2024,Air Force 1,US-East,140.65,84.48,129.95,0,0,196
9/15/2024,Air Force 1,US-West,131.06,88.71,128.51,1,0,148
9/15/2024,Air Force 1,Europe,150.57,80.11,144.91,1,0,206
9/15/2024,Air Force 1,Asia,123.61,71.32,109.81,1,0,222
9/15/2024,Dunk Low,US-East,144.62,80.89,145.42,1,0,158
9/15/2024,Dunk Low,US-West,112.17,72.52,117.77,0,0,246
9/15/2024,Dunk Low,Europe,154.27,84.7,156.43,1,0,153
9/15/2024,Dunk Low,Asia,124.35,67.64,124.92,1,0,181
9/15/2024,Jordan 1,US-East,114.14,69.42,104.74,0,0,283
9/15/2024,Jordan 1,US-West,124.82,67.5,127.47,0,0,133
9/15/2024,Jordan 1,Europe,135.49,70.87,146.58,0,0,218
9/15/2024,Jordan 1,Asia,129.92,76.37,129.98,1,0,178
9/22/2024,Air Max 90,US-East,138.58,74.96,137.41,1,0,220
9/22/2024,Air Max 90,US-West,133.2,84.54,137.89,1,0,183
9/22/2024,Air Max 90,Europe,136.35,88.12,138.14,1,0,254
9/22/2024,Air Max 90,Asia,131.32,87.23,131.05,1,0,234
9/22/2024,Air Force 1,US-East,132.66,79.88,123.62,0,0,161
9/22/2024,Air Force 1,US-West,129.36,74.72,127.99,1,0,236
9/22/2024,Air Force 1,Europe,136.64,83.23,138.95,1,0,197
9/22/2024,Air Force 1,Asia,123.37,81.52,113.98,0,0,178
9/22/2024,Dunk Low,US-East,117.46,60.34,110.1,0,0,201
9/22/2024,Dunk Low,US-West,116.03,59.07,118.94,0,0,199
9/22/2024,Dunk Low,Europe,136.52,81.47,130.83,1,0,194
9/22/2024,Dunk Low,Asia,136.68,83.33,143.67,1,0,205
9/22/2024,Jordan 1,US-East,143.38,93.44,137.74,0,0,191
9/22/2024,Jordan 1,US-West,145.06,91.75,139.32,1,0,167
9/22/2024,Jordan 1,Europe,131.97,81.75,133.53,0,0,232
9/22/2024,Jordan 1,Asia,134.12,81.59,130.16,1,0,239
9/29/2024,Air Max 90,US-East,120.12,64.92,124.79,1,0,236
9/29/2024,Air Max 90,US-West,117.71,79.14,119.71,0,0,193
9/29/2024,Air Max 90,Europe,120.92,80.34,128.52,1,0,184
9/29/2024,Air Max 90,Asia,135.43,82.6,146.37,1,0,232
9/29/2024,Air Force 1,US-East,115.78,64.13,121.31,1,0,168
9/29/2024,Air Force 1,US-West,127.06,80.17,130.13,0,0,194
9/29/2024,Air Force 1,Europe,137.39,72.84,141.47,0,0,165
9/29/2024,Air Force 1,Asia,114.35,58.07,108.18,0,0,255
9/29/2024,Dunk Low,US-East,130.68,84.58,123.52,1,0,218
9/29/2024,Dunk Low,US-West,136.45,83.96,140.23,1,0,240
9/29/2024,Dunk Low,Europe,129.87,79.77,128.92,0,0,157
9/29/2024,Dunk Low,Asia,127.56,64.35,133.63,1,0,222
9/29/2024,Jordan 1,US-East,119.68,63.02,125.25,1,0,270
9/29/2024,Jordan 1,US-West,140.24,94.36,148.41,0,0,248
9/29/2024,Jordan 1,Europe,143.46,91.13,147.46,0,0,176
9/29/2024,Jordan 1,Asia,124.47,77.09,126.31,1,0,177
10/6/2024,Air Max 90,US-East,104.83,62.77,98.04,1,0,240
10/6/2024,Air Max 90,US-West,145.97,74.54,155.74,1,0,187
10/6/2024,Air Max 90,Europe,132.02,67.45,135.28,0,0,238
10/6/2024,Air Max 90,Asia,143.41,79.6,145.44,0,0,132
10/6/2024,Air Force 1,US-East,116.64,59.31,114.69,1,0,232
10/6/2024,Air Force 1,US-West,129.33,66.23,128.44,0,0,174
10/6/2024,Air Force 1,Europe,120.2,69.76,135.51,1,0,273
10/6/2024,Air Force 1,Asia,133,83.59,133.86,1,0,190
10/6/2024,Dunk Low,US-East,146.28,75.09,150.06,1,0,176
10/6/2024,Dunk Low,US-West,137.38,75.46,141.56,1,0,270
10/6/2024,Dunk Low,Europe,136.3,75.96,132.27,1,0,231
10/6/2024,Dunk Low,Asia,138.2,96.01,144.17,0,0,168
10/6/2024,Jordan 1,US-East,121.8,70.54,112.12,0,0,180
10/6/2024,Jordan 1,US-West,122.53,63.01,119.24,0,0,173
10/6/2024,Jordan 1,Europe,128.88,78.1,125.03,0,0,163
10/6/2024,Jordan 1,Asia,125.37,82.7,119.36,0,0,197
10/13/2024,Air Max 90,US-East,126.18,72.06,123.28,0,0,169
10/13/2024,Air Max 90,US-West,133.32,75.8,133.16,0,0,152
10/13/2024,Air Max 90,Europe,143.52,75.7,144.93,1,0,135
10/13/2024,Air Max 90,Asia,130.18,81.34,129.7,1,0,144
10/13/2024,Air Force 1,US-East,133.13,77.1,132.94,1,0,208
10/13/2024,Air Force 1,US-West,123.64,73.16,126.35,1,0,279
10/13/2024,Air Force 1,Europe,134.82,75.87,136.66,0,0,221
10/13/2024,Air Force 1,Asia,119.61,78.11,106.89,0,0,288
10/13/2024,Dunk Low,US-East,96.75,64.6,89.41,0,0,267
10/13/2024,Dunk Low,US-West,127.38,66.83,123.81,0,0,260
10/13/2024,Dunk Low,Europe,130.43,84.42,137.15,0,0,267
10/13/2024,Dunk Low,Asia,128.41,70.11,117.93,0,0,209
10/13/2024,Jordan 1,US-East,123.3,82.73,121.3,1,0,199
10/13/2024,Jordan 1,US-West,122.85,65.92,120.11,1,0,220
10/13/2024,Jordan 1,Europe,130.67,69.07,132.9,1,0,229
10/13/2024,Jordan 1,Asia,137.39,88.74,128.13,0,0,221
10/20/2024,Air Max 90,US-East,118.98,64.68,122.38,1,0,204
10/20/2024,Air Max 90,US-West,143.66,89.08,142.92,0,0,187
10/20/2024,Air Max 90,Europe,133.86,72.27,125.53,1,0,194
10/20/2024,Air Max 90,Asia,129.73,65.9,125.04,0,0,203
10/20/2024,Air Force 1,US-East,137.42,85.62,142.42,1,0,174
10/20/2024,Air Force 1,US-West,131.69,75.74,130.61,0,0,237
10/20/2024,Air Force 1,Europe,131.41,81.87,120.76,0,0,266
10/20/2024,Air Force 1,Asia,128.22,67.28,121.1,0,0,235
10/20/2024,Dunk Low,US-East,142,75.56,140.9,0,0,185
10/20/2024,Dunk Low,US-West,126.99,64.75,124.14,1,0,226
10/20/2024,Dunk Low,Europe,138.81,74.95,146.59,0,0,193
10/20/2024,Dunk Low,Asia,138.64,75.17,144.28,0,0,193
10/20/2024,Jordan 1,US-East,128.24,65.82,131.59,0,0,189
10/20/2024,Jordan 1,US-West,145.65,75.37,142.57,0,0,158
10/20/2024,Jordan 1,Europe,117.67,59.81,112.65,1,0,231
10/20/2024,Jordan 1,Asia,140.78,75.8,145.15,1,0,155
10/27/2024,Air Max 90,US-East,133.31,74.05,135.98,1,0,187
10/27/2024,Air Max 90,US-West,109.78,69.78,99.47,0,0,251
10/27/2024,Air Max 90,Europe,123.96,72.96,122.81,1,0,171
10/27/2024,Air Max 90,Asia,130.28,89.61,123.34,1,0,181
10/27/2024,Air Force 1,US-East,119.05,82.57,120.54,0,0,199
10/27/2024,Air Force 1,US-West,137.25,76.12,134.47,1,0,199
10/27/2024,Air Force 1,Europe,120.51,69.95,129.25,1,0,242
10/27/2024,Air Force 1,Asia,118.94,65.93,116.43,0,0,182
10/27/2024,Dunk Low,US-East,142.23,74.53,140.94,0,0,186
10/27/2024,Dunk Low,US-West,129.62,82.49,133.5,0,0,186
10/27/2024,Dunk Low,Europe,125.89,68.43,125.23,1,0,210
10/27/2024,Dunk Low,Asia,131.88,88.97,141.37,0,0,201
10/27/2024,Jordan 1,US-East,113.45,56.97,108.65,0,0,247
10/27/2024,Jordan 1,US-West,130.93,80.57,125.79,1,0,224
10/27/2024,Jordan 1,Europe,131.49,85.18,128.09,0,0,239
10/27/2024,Jordan 1,Asia,133.18,72.53,134.65,1,0,236
11/3/2024,Air Max 90,US-East,133.34,88.51,132.57,0,1,215
11/3/2024,Air Max 90,US-West,125.8,65.81,125.92,1,0,176
11/3/2024,Air Max 90,Europe,135.57,74.64,128.89,1,1,230
11/3/2024,Air Max 90,Asia,133.06,86.36,130.62,0,1,180
11/3/2024,Air Force 1,US-East,119.22,61.63,116.04,0,1,250
11/3/2024,Air Force 1,US-West,138.35,74.23,139.5,1,0,157
11/3/2024,Air Force 1,Europe,122.85,66.45,127.34,0,1,233
11/3/2024,Air Force 1,Asia,149.57,75.76,137.13,1,1,194
11/3/2024,Dunk Low,US-East,141.88,80.36,149.56,0,0,153
11/3/2024,Dunk Low,US-West,135.5,74.23,143.25,0,0,189
11/3/2024,Dunk Low,Europe,127.84,78,124.68,1,1,181
11/3/2024,Dunk Low,Asia,111.42,75.75,111.1,1,0,223
11/3/2024,Jordan 1,US-East,147.35,93.07,143.07,0,1,192
11/3/2024,Jordan 1,US-West,126.04,66.97,120.04,1,0,222
11/3/2024,Jordan 1,Europe,114.86,68.97,116.46,1,1,199
11/3/2024,Jordan 1,Asia,118.85,79.31,118.6,0,1,213
11/10/2024,Air Max 90,US-East,124.98,70.36,123.66,1,1,221
11/10/2024,Air Max 90,US-West,143.49,84.48,145,0,1,163
11/10/2024,Air Max 90,Europe,132.54,79.54,130.68,1,0,179
11/10/2024,Air Max 90,Asia,113.87,63.19,113.15,0,0,242
11/10/2024,Air Force 1,US-East,145.08,82.57,141.62,1,0,189
11/10/2024,Air Force 1,US-West,128.27,73.94,124.1,0,1,199
11/10/2024,Air Force 1,Europe,106.62,59.8,99.79,1,1,265
11/10/2024,Air Force 1,Asia,118.48,64.52,120.73,1,0,165
11/10/2024,Dunk Low,US-East,125.46,76.92,127.16,0,0,200
11/10/2024,Dunk Low,US-West,138.67,88.48,144.09,1,1,164
11/10/2024,Dunk Low,Europe,140.49,74.82,148.76,0,0,235
11/10/2024,Dunk Low,Asia,126.42,86.63,123.45,0,0,235
11/10/2024,Jordan 1,US-East,128.42,86.24,128.29,1,0,215
11/10/2024,Jordan 1,US-West,130.31,85.68,129.86,1,1,233
11/10/2024,Jordan 1,Europe,139.58,69.97,129.75,1,1,261
11/10/2024,Jordan 1,Asia,143,92.99,143.2,1,1,184
11/17/2024,Air Max 90,US-East,129.01,85.98,125.99,0,1,164
11/17/2024,Air Max 90,US-West,119.33,65.85,112.12,1,1,208
11/17/2024,Air Max 90,Europe,136.77,69.79,132.9,1,1,186
11/17/2024,Air Max 90,Asia,147.68,94.33,140.39,1,0,167
11/17/2024,Air Force 1,US-East,136.08,72.23,139.66,1,1,157
11/17/2024,Air Force 1,US-West,142.74,83.01,142.35,0,0,198
11/17/2024,Air Force 1,Europe,129.03,82.51,126.95,1,0,150
11/17/2024,Air Force 1,Asia,117.66,66.17,121.97,1,0,258
11/17/2024,Dunk Low,US-East,135.17,89.87,140.03,1,1,166
11/17/2024,Dunk Low,US-West,123.04,70.39,117.06,1,1,217
11/17/2024,Dunk Low,Europe,129.45,77.79,127.12,0,0,247
11/17/2024,Dunk Low,Asia,148.3,99.84,146.89,0,1,165
11/17/2024,Jordan 1,US-East,113.15,70.58,102.83,1,1,232
11/17/2024,Jordan 1,US-West,130.11,65.67,121.76,1,1,160
11/17/2024,Jordan 1,Europe,144.7,72.82,146.17,1,0,190
11/17/2024,Jordan 1,Asia,113.37,67.85,116.14,1,0,205
11/24/2024,Air Max 90,US-East,122.27,82.3,126.42,1,1,201
11/24/2024,Air Max 90,US-West,134.51,75.98,139.02,1,0,258
11/24/2024,Air Max 90,Europe,136.84,77.28,136.56,1,1,209
11/24/2024,Air Max 90,Asia,117.4,63.69,119.25,1,1,185
11/24/2024,Air Force 1,US-East,121.53,72.4,127.78,1,0,210
11/24/2024,Air Force 1,US-West,127.63,64.52,133.6,0,0,219
11/24/2024,Air Force 1,Europe,130.76,76.53,129.4,0,1,183
11/24/2024,Air Force 1,Asia,121.3,76.75,122.22,1,1,208
11/24/2024,Dunk Low,US-East,137.17,91.62,126.63,1,1,172
11/24/2024,Dunk Low,US-West,133.11,70.57,137.52,0,1,232
11/24/2024,Dunk Low,Europe,131.11,83.29,131.87,1,0,219
11/24/2024,Dunk Low,Asia,148.39,81.72,147.21,0,0,212
11/24/2024,Jordan 1,US-East,141.87,87.77,149.05,1,0,203
11/24/2024,Jordan 1,US-West,141.73,89.72,131.88,0,1,192
11/24/2024,Jordan 1,Europe,129.17,72.8,113.23,0,1,215
11/24/2024,Jordan 1,Asia,123.43,80.97,118.85,0,0,248
12/1/2024,Air Max 90,US-East,131.23,86.93,135.85,0,0,169
12/1/2024,Air Max 90,US-West,116.54,69.46,112.56,1,0,185
12/1/2024,Air Max 90,Europe,124.38,69.8,129.45,0,0,257
12/1/2024,Air Max 90,Asia,141.42,79.63,143.11,1,1,164
12/1/2024,Air Force 1,US-East,122.11,75.04,123.84,0,0,196
12/1/2024,Air Force 1,US-West,133.62,80.17,137.34,1,0,193
12/1/2024,Air Force 1,Europe,141.25,79.31,144.9,0,0,187
12/1/2024,Air Force 1,Asia,137.04,74.72,143.24,0,0,227
12/1/2024,Dunk Low,US-East,119.43,78.14,114.63,0,0,250
12/1/2024,Dunk Low,US-West,152.78,83.53,158.3,0,1,183
12/1/2024,Dunk Low,Europe,112.44,65.19,113.33,0,0,196
12/1/2024,Dunk Low,Asia,131.36,89.16,127.86,1,0,233
12/1/2024,Jordan 1,US-East,126.26,82.49,125.48,1,1,242
12/1/2024,Jordan 1,US-West,118.25,68.49,116.83,0,0,208
12/1/2024,Jordan 1,Europe,138.18,90.92,127.65,0,0,144
12/1/2024,Jordan 1,Asia,139.44,92.47,135.4,1,1,162
12/8/2024,Air Max 90,US-East,134.58,94.15,129.68,0,0,231
12/8/2024,Air Max 90,US-West,140.6,98.02,136.55,0,0,230
12/8/2024,Air Max 90,Europe,107.25,69.29,101.28,1,0,211
12/8/2024,Air Max 90,Asia,122.34,74.02,118.15,1,1,215
12/8/2024,Air Force 1,US-East,135.06,73.17,131.42,0,0,193
12/8/2024,Air Force 1,US-West,141.91,95.7,132.68,0,0,201
12/8/2024,Air Force 1,Europe,121.84,74.71,122.23,1,0,238
12/8/2024,Air Force 1,Asia,127.11,85.89,132.42,0,1,196
12/8/2024,Dunk Low,US-East,122.44,84.23,123.3,1,0,239
12/8/2024,Dunk Low,US-West,133.17,68.72,144.53,0,1,183
12/8/2024,Dunk Low,Europe,122.93,84.6,127.43,1,0,151
12/8/2024,Dunk Low,Asia,113.81,70.64,113.1,1,0,218
12/8/2024,Jordan 1,US-East,136.82,86.81,137.45,1,0,192
12/8/2024,Jordan 1,US-West,125.11,78.02,129.31,0,0,231
12/8/2024,Jordan 1,Europe,124.1,65.33,128.32,0,0,174
12/8/2024,Jordan 1,Asia,130.69,68.39,129.59,1,0,191
12/15/2024,Air Max 90,US-East,127.07,64.76,119.82,0,1,178
12/15/2024,Air Max 90,US-West,142.08,81.08,143.35,0,0,219
12/15/2024,Air Max 90,Europe,129.43,76.24,133.1,0,0,226
12/15/2024,Air Max 90,Asia,126.12,67.21,124.95,1,0,211
12/15/2024,Air Force 1,US-East,117.12,59.95,118.58,0,0,244
12/15/2024,Air Force 1,US-West,145.89,79.56,142.92,1,1,176
12/15/2024,Air Force 1,Europe,121.41,75.23,125.48,1,1,184
12/15/2024,Air Force 1,Asia,105.02,62.66,110.46,1,1,223
12/15/2024,Dunk Low,US-East,122.72,63.11,122.77,0,0,200
12/15/2024,Dunk Low,US-West,131.77,80.59,132.65,0,1,174
12/15/2024,Dunk Low,Europe,125.12,64.49,129.22,1,1,189
12/15/2024,Dunk Low,Asia,141.16,75.27,141.96,0,0,208
12/15/2024,Jordan 1,US-East,139.78,72.03,129.25,1,0,234
12/15/2024,Jordan 1,US-West,122.71,71.51,127.48,1,1,275
12/15/2024,Jordan 1,Europe,131.1,84.66,133.64,0,0,205
12/15/2024,Jordan 1,Asia,119.8,63.96,120.49,1,0,223
12/22/2024,Air Max 90,US-East,120.65,68.34,121.71,1,0,240
12/22/2024,Air Max 90,US-West,126.43,72.07,128.95,0,1,200
12/22/2024,Air Max 90,Europe,124.98,72.73,118.12,1,0,176
12/22/2024,Air Max 90,Asia,138.26,89.36,140.22,0,1,154
12/22/2024,Air Force 1,US-East,122.04,71.17,124.17,1,1,271
12/22/2024,Air Force 1,US-West,145.35,89.21,146.18,0,0,167
12/22/2024,Air Force 1,Europe,119.99,63.8,118.57,1,0,184
12/22/2024,Air Force 1,Asia,118.26,74.96,105.13,1,1,190
12/22/2024,Dunk Low,US-East,128.22,70.36,130.82,0,1,228
12/22/2024,Dunk Low,US-West,116.42,71.49,119.81,1,0,196
12/22/2024,Dunk Low,Europe,128.17,65.19,119.82,0,0,186
12/22/2024,Dunk Low,Asia,121.8,70.95,122.11,0,0,183
12/22/2024,Jordan 1,US-East,118.88,65.66,118.71,1,1,170
12/22/2024,Jordan 1,US-West,135.68,76.5,139.86,1,1,187
12/22/2024,Jordan 1,Europe,127.29,66.31,124.23,0,0,162
12/22/2024,Jordan 1,Asia,117.01,60.64,121.27,0,0,248
12/29/2024,Air Max 90,US-East,129.62,65.39,129.87,0,0,197
12/29/2024,Air Max 90,US-West,133.92,78.47,135.52,0,0,159
12/29/2024,Air Max 90,Europe,120.56,64.65,118.13,0,1,199
12/29/2024,Air Max 90,Asia,109.81,67.95,106.37,0,0,230
12/29/2024,Air Force 1,US-East,135.6,88.76,131.55,0,1,158
12/29/2024,Air Force 1,US-West,114.37,75.76,119.71,1,0,188
12/29/2024,Air Force 1,Europe,121.35,74.2,115.3,1,1,289
12/29/2024,Air Force 1,Asia,115.21,72.88,117.6,0,0,219
12/29/2024,Dunk Low,US-East,121.66,64.07,125.04,1,1,228
12/29/2024,Dunk Low,US-West,134.51,73.19,144.76,0,0,228
12/29/2024,Dunk Low,Europe,150.12,103.03,150.8,0,0,148
12/29/2024,Dunk Low,Asia,116.06,78.6,115.2,1,1,189
12/29/2024,Jordan 1,US-East,120.14,76.21,118.72,0,1,214
12/29/2024,Jordan 1,US-West,119.52,77.12,114.55,0,1,235
12/29/2024,Jordan 1,Europe,142.9,78.09,146.72,0,0,205
12/29/2024,Jordan 1,Asia,127.76,87.42,130.08,0,0,184
